{"cameraMode":{"drawMode":0,"name":"Shaded","section":"Shading Mode"},"sceneLighting":true,"audioPlay":false,"sceneViewState":{"m_AlwaysRefresh":false,"showFog":true,"showSkybox":true,"showFlares":true,"showImageEffects":true,"showParticleSystems":true,"showVisualEffectGraphs":true,"m_FxEnabled":false},"in2DMode":false,"pivot":{"x":0.30499765276908877,"y":-3.8734912872314455,"z":-19.248044967651368},"rotation":{"x":0.32202476263046267,"y":-0.012780353426933289,"z":0.004347575828433037,"w":0.9466364979743958},"size":24.151737213134767,"orthographic":true}